{"time_last_update":1777310091,"weights":{"frec":0.7,"rece":0.3},"init_weights":{"frec":0.7,"rece":0.3},"norms":{"rece":{"beta":0.001,"mean":5.656331526219092,"var":1.0000541627013906},"frec":{"beta":0.001,"mean":20827.103854059995,"var":4.8625217079095355}},"score_map":{"YHuitghfaEt8":{"frec":19.906532372402832,"rece":0.48875061259466224,"final":14.08119784446038},"fcJtdD1i7UuJ":{"frec":5.394801962459358,"rece":-2.1357889154314913,"final":3.135624699092103}}}